name,uv,pv,amt
Jan,4000,2400,2400
Feb,3000,1398,2210
Mar,2000,9800,2290
Apr,2780,3908,2000
May,1890,4800,2181
Jun,2390,1169.333333,2500
Jul,3490,4300,2100
Aug,2384.285714,4246,2239.6
Sep,2282.142857,4263.6,2247.057143
Oct,2180,4219.97037,2254.514286
Nov,2077.857143,4257.632593,2261.971429
Dec,1975.714286,4295.294815,2269.428571
