name,uv,amt
Jan,4000,2400
Feb,1430.862245,2400
Mar,1761.556122,2400
Apr,1728.612245,2400
May,1890,2400
Jun,2390,2400
Jul,1413,2400
Aug,880,2400
Sep,347,2400
Oct,2180,2400
Nov,2077.857143,2400
Dec,1975.714286,2400
